CREATE TABLE IF NOT EXISTS `CATEGORIES`
(
  `ID`          BIGINT(20)  NOT NULL AUTO_INCREMENT,
  `NAME`        VARCHAR(60) NOT NULL,
  PRIMARY KEY (`ID`),
  UNIQUE INDEX `unique` (`NAME` ASC)
);

CREATE TABLE IF NOT EXISTS `TV_SHOWS`
(
  `ID`             BIGINT(20)    NOT NULL AUTO_INCREMENT,
  `NAME`         VARCHAR(256)  NOT NULL,
  `SHORT_DESC`        VARCHAR(256)  NULL DEFAULT NULL,
  `LONG_DESC`     VARCHAR(2048) NULL DEFAULT NULL,
  `YEAR`         YEAR(4)      NOT NULL,
  `RECOMMENDED_AGE` TINYINT      NOT NULL,
  `CATEGORY_ID`    BIGINT(20)    NOT NULL,
  `ADVERTISING`    VARCHAR(256)  NULL DEFAULT NULL,
  PRIMARY KEY (`ID`),
  CONSTRAINT `FK_TV_SHOWS_CATEGORY_ID`
    FOREIGN KEY (CATEGORY_ID) REFERENCES `CATEGORIES` (ID)
);

CREATE TABLE IF NOT EXISTS `SEASONS`
(
  `ID`          BIGINT(20)   NOT NULL AUTO_INCREMENT,
  `NUMBER`        TINYINT     NOT NULL,
  `NAME`      VARCHAR(256) NOT NULL,
  `TV_SHOW_ID`  BIGINT(20)   NOT NULL,
  PRIMARY KEY (`ID`),
  CONSTRAINT `FK_SEASONS_TV_SHOW_ID`
    FOREIGN KEY (TV_SHOW_ID) REFERENCES `TV_SHOWS` (ID)
);

CREATE TABLE IF NOT EXISTS `CHAPTERS`
(
  `ID`          BIGINT(20)   NOT NULL AUTO_INCREMENT,
  `NUMBER`        TINYINT     NOT NULL,
  `NAME`      VARCHAR(256) NOT NULL,
  `DURATION`   TINYINT     NOT NULL,
  `SEASON_ID`  BIGINT(20)   NOT NULL,
  PRIMARY KEY (`ID`),
  CONSTRAINT `FK_CHAPTERS_SEASON_ID`
    FOREIGN KEY (SEASON_ID) REFERENCES `SEASONS` (ID)
);

INSERT INTO CATEGORIES(ID, NAME) VALUES
   (1, 'TERROR'),
   (2, 'COMEDIA'),
   (3, 'ACCIÓN');

INSERT INTO TV_SHOWS(ID, NAME, SHORT_DESC, LONG_DESC, YEAR, RECOMMENDED_AGE, CATEGORY_ID) VALUES
   (1, 'Juego de tronos', 'Descripción corta', 'Descripción larga', '2012', 16, 3),
   (2, 'American horror Story', NULL, NULL, '2010', 16, 1),
   (3, 'Big Bang', NULL, NULL, '2008', 7, 2);

INSERT INTO SEASONS(ID, NUMBER, NAME, TV_SHOW_ID) VALUES
   (1, 1, 'One', 1),
   (2, 2, 'Two', 1),
   (3, 1, 'One', 2),
   (4, 2, 'Two', 2),
   (5, 3, 'Three', 2),
   (6, 1, 'One', 3);

INSERT INTO CHAPTERS(ID, NUMBER, NAME, DURATION, SEASON_ID) VALUES
   (1, 1, 'Chapter 1', 43, 1),
   (2, 2, 'Chapter 2', 45, 1),
   (3, 3, 'Chapter 3', 44, 1),
   (4, 1, 'Chapter 0', 50, 2);